Channel number,Impulses
0,0
1,0
2,0
3,0
4,0
5,0
6,0
7,0
8,0
9,1
10,0
11,0
12,0
13,0
14,1
15,0
16,0
17,0
18,1
19,1
20,0
21,0
22,0
23,0
24,0
25,0
26,0
27,0
28,1
29,0
30,0
31,0
32,1
33,0
34,0
35,0
36,0
37,0
38,0
39,0
40,0
41,0
42,0
43,0
44,0
45,1
46,0
47,0
48,0
49,0
50,1
51,2
52,1
53,0
54,0
55,2
56,1
57,0
58,2
59,3
60,5
61,7
62,11
63,18
64,7
65,7
66,9
67,10
68,14
69,9
70,4
71,15
72,9
73,13
74,13
75,12
76,4
77,13
78,9
79,11
80,9
81,10
82,8
83,8
84,11
85,17
86,10
87,7
88,11
89,11
90,7
91,14
92,14
93,8
94,14
95,17
96,7
97,8
98,12
99,12
100,17
101,12
102,15
103,20
104,9
105,16
106,22
107,17
108,13
109,26
110,15
111,34
112,16
113,23
114,21
115,23
116,21
117,26
118,31
119,22
120,16
121,22
122,24
123,34
124,20
125,23
126,30
127,41
128,9
129,22
130,17
131,24
132,27
133,22
134,27
135,28
136,17
137,32
138,29
139,27
140,32
141,33
142,32
143,24
144,20
145,33
146,31
147,31
148,31
149,41
150,34
151,26
152,31
153,35
154,24
155,41
156,24
157,46
158,35
159,47
160,27
161,40
162,43
163,39
164,38
165,41
166,38
167,39
168,32
169,49
170,45
171,46
172,38
173,42
174,56
175,32
176,46
177,47
178,64
179,72
180,44
181,57
182,48
183,64
184,50
185,45
186,52
187,75
188,60
189,65
190,49
191,61
192,33
193,66
194,49
195,63
196,63
197,55
198,63
199,66
200,52
201,71
202,60
203,65
204,80
205,77
206,71
207,86
208,59
209,74
210,69
211,82
212,80
213,62
214,80
215,67
216,66
217,77
218,49
219,75
220,65
221,66
222,86
223,85
224,54
225,71
226,81
227,75
228,74
229,74
230,78
231,78
232,70
233,80
234,80
235,99
236,75
237,78
238,71
239,77
240,84
241,75
242,70
243,98
244,78
245,77
246,79
247,70
248,47
249,78
250,66
251,98
252,82
253,79
254,92
255,135
256,59
257,84
258,82
259,74
260,84
261,77
262,108
263,68
264,69
265,96
266,74
267,79
268,80
269,85
270,80
271,71
272,60
273,82
274,91
275,80
276,91
277,66
278,87
279,90
280,76
281,85
282,84
283,98
284,85
285,72
286,75
287,103
288,78
289,94
290,84
291,64
292,99
293,86
294,98
295,68
296,66
297,78
298,83
299,99
300,106
301,90
302,74
303,90
304,81
305,117
306,85
307,107
308,85
309,75
310,91
311,71
312,78
313,109
314,92
315,84
316,75
317,87
318,82
319,131
320,58
321,87
322,101
323,60
324,99
325,83
326,102
327,69
328,74
329,92
330,80
331,88
332,111
333,78
334,88
335,107
336,67
337,95
338,86
339,96
340,94
341,88
342,100
343,88
344,98
345,102
346,93
347,114
348,91
349,92
350,102
351,122
352,99
353,89
354,116
355,101
356,120
357,89
358,116
359,92
360,88
361,98
362,100
363,104
364,100
365,116
366,93
367,108
368,79
369,116
370,113
371,105
372,99
373,105
374,121
375,103
376,86
377,117
378,90
379,148
380,113
381,129
382,94
383,137
384,77
385,129
386,129
387,127
388,140
389,84
390,122
391,106
392,103
393,152
394,114
395,122
396,134
397,109
398,125
399,114
400,110
401,136
402,136
403,131
404,123
405,112
406,129
407,120
408,137
409,137
410,120
411,153
412,120
413,134
414,137
415,150
416,87
417,115
418,120
419,109
420,133
421,122
422,139
423,97
424,109
425,122
426,112
427,138
428,133
429,111
430,136
431,134
432,117
433,113
434,129
435,127
436,122
437,97
438,117
439,119
440,89
441,150
442,125
443,110
444,98
445,104
446,122
447,134
448,67
449,106
450,125
451,113
452,122
453,94
454,119
455,99
456,110
457,106
458,86
459,111
460,138
461,126
462,107
463,98
464,101
465,107
466,113
467,120
468,110
469,97
470,121
471,100
472,110
473,120
474,94
475,141
476,95
477,114
478,84
479,136
480,71
481,118
482,117
483,94
484,119
485,109
486,127
487,106
488,77
489,125
490,98
491,93
492,134
493,121
494,117
495,92
496,80
497,101
498,124
499,136
500,122
501,120
502,127
503,106
504,102
505,138
506,123
507,126
508,110
509,130
510,119
511,178
512,77
513,136
514,108
515,125
516,112
517,118
518,138
519,112
520,121
521,127
522,99
523,127
524,129
525,117
526,145
527,98
528,92
529,119
530,105
531,134
532,128
533,109
534,112
535,96
536,83
537,139
538,86
539,112
540,102
541,129
542,111
543,152
544,83
545,125
546,103
547,101
548,110
549,88
550,114
551,108
552,72
553,113
554,79
555,90
556,102
557,91
558,67
559,119
560,76
561,104
562,94
563,105
564,95
565,75
566,105
567,84
568,72
569,96
570,65
571,94
572,70
573,84
574,71
575,107
576,65
577,80
578,88
579,83
580,77
581,69
582,91
583,79
584,79
585,90
586,65
587,97
588,86
589,72
590,63
591,89
592,58
593,80
594,78
595,83
596,74
597,75
598,95
599,60
600,67
601,85
602,71
603,82
604,64
605,66
606,57
607,99
608,52
609,59
610,64
611,77
612,86
613,63
614,79
615,46
616,65
617,91
618,60
619,76
620,73
621,86
622,69
623,74
624,56
625,70
626,76
627,73
628,60
629,62
630,83
631,67
632,49
633,81
634,52
635,85
636,71
637,62
638,64
639,76
640,42
641,63
642,68
643,64
644,79
645,54
646,87
647,62
648,63
649,79
650,54
651,64
652,78
653,63
654,75
655,48
656,65
657,67
658,68
659,65
660,60
661,63
662,79
663,65
664,61
665,82
666,64
667,73
668,68
669,65
670,70
671,80
672,58
673,59
674,55
675,59
676,73
677,57
678,63
679,66
680,45
681,82
682,47
683,70
684,58
685,65
686,65
687,74
688,57
689,61
690,65
691,75
692,61
693,69
694,57
695,67
696,40
697,77
698,46
699,65
700,62
701,68
702,52
703,74
704,60
705,73
706,68
707,53
708,64
709,51
710,82
711,45
712,54
713,63
714,47
715,60
716,54
717,54
718,61
719,54
720,38
721,50
722,71
723,61
724,65
725,48
726,61
727,55
728,56
729,68
730,57
731,62
732,69
733,77
734,61
735,87
736,46
737,64
738,67
739,65
740,72
741,44
742,59
743,49
744,39
745,67
746,66
747,54
748,65
749,59
750,57
751,58
752,38
753,60
754,48
755,76
756,56
757,62
758,54
759,59
760,45
761,60
762,42
763,48
764,57
765,63
766,58
767,84
768,36
769,46
770,44
771,59
772,56
773,55
774,75
775,53
776,52
777,55
778,47
779,59
780,57
781,52
782,78
783,57
784,50
785,61
786,47
787,57
788,58
789,45
790,50
791,45
792,48
793,54
794,45
795,74
796,53
797,40
798,59
799,48
800,50
801,53
802,62
803,65
804,56
805,58
806,72
807,37
808,45
809,65
810,52
811,62
812,56
813,62
814,51
815,46
816,56
817,53
818,58
819,55
820,43
821,39
822,59
823,70
824,44
825,42
826,53
827,46
828,47
829,52
830,55
831,62
832,36
833,40
834,56
835,40
836,44
837,47
838,49
839,42
840,40
841,62
842,42
843,50
844,52
845,51
846,56
847,53
848,45
849,59
850,47
851,60
852,56
853,32
854,57
855,55
856,54
857,73
858,40
859,61
860,53
861,56
862,41
863,47
864,45
865,53
866,49
867,51
868,53
869,60
870,39
871,37
872,48
873,59
874,52
875,49
876,43
877,44
878,59
879,61
880,43
881,66
882,43
883,54
884,54
885,45
886,56
887,40
888,43
889,54
890,47
891,41
892,45
893,51
894,49
895,63
896,31
897,55
898,54
899,40
900,44
901,31
902,61
903,37
904,62
905,53
906,38
907,43
908,48
909,49
910,46
911,38
912,45
913,42
914,44
915,60
916,34
917,39
918,39
919,27
920,43
921,54
922,39
923,64
924,61
925,34
926,32
927,49
928,48
929,52
930,47
931,46
932,54
933,44
934,52
935,51
936,34
937,55
938,40
939,39
940,43
941,45
942,47
943,45
944,51
945,56
946,47
947,45
948,30
949,51
950,63
951,49
952,49
953,46
954,37
955,62
956,49
957,58
958,30
959,44
960,36
961,50
962,33
963,35
964,39
965,46
966,69
967,42
968,43
969,65
970,41
971,31
972,56
973,31
974,50
975,47
976,43
977,43
978,52
979,48
980,51
981,46
982,48
983,37
984,50
985,52
986,29
987,62
988,47
989,46
990,47
991,66
992,45
993,39
994,51
995,41
996,53
997,30
998,51
999,47
1000,50
1001,46
1002,43
1003,33
1004,65
1005,49
1006,36
1007,42
1008,32
1009,51
1010,49
1011,53
1012,48
1013,37
1014,55
1015,40
1016,40
1017,52
1018,30
1019,42
1020,47
1021,47
1022,52
1023,59
1024,17
1025,37
1026,35
1027,45
1028,59
1029,52
1030,39
1031,36
1032,34
1033,44
1034,42
1035,36
1036,53
1037,50
1038,52
1039,41
1040,36
1041,43
1042,52
1043,36
1044,39
1045,39
1046,54
1047,46
1048,33
1049,36
1050,24
1051,41
1052,31
1053,31
1054,33
1055,55
1056,29
1057,35
1058,38
1059,48
1060,39
1061,35
1062,45
1063,29
1064,22
1065,37
1066,22
1067,42
1068,32
1069,44
1070,25
1071,29
1072,29
1073,30
1074,27
1075,32
1076,28
1077,21
1078,35
1079,37
1080,24
1081,31
1082,22
1083,31
1084,37
1085,24
1086,31
1087,29
1088,29
1089,25
1090,24
1091,40
1092,25
1093,18
1094,30
1095,19
1096,21
1097,28
1098,21
1099,25
1100,28
1101,25
1102,30
1103,32
1104,26
1105,20
1106,23
1107,25
1108,28
1109,29
1110,30
1111,21
1112,9
1113,25
1114,15
1115,22
1116,12
1117,23
1118,11
1119,27
1120,12
1121,27
1122,25
1123,20
1124,21
1125,10
1126,22
1127,23
1128,17
1129,23
1130,20
1131,14
1132,19
1133,13
1134,19
1135,13
1136,19
1137,17
1138,22
1139,18
1140,17
1141,12
1142,26
1143,26
1144,13
1145,13
1146,20
1147,26
1148,12
1149,17
1150,21
1151,12
1152,19
1153,12
1154,12
1155,19
1156,18
1157,13
1158,16
1159,11
1160,22
1161,19
1162,14
1163,17
1164,14
1165,15
1166,5
1167,11
1168,16
1169,12
1170,15
1171,20
1172,12
1173,10
1174,11
1175,12
1176,13
1177,20
1178,11
1179,13
1180,9
1181,8
1182,18
1183,19
1184,8
1185,18
1186,16
1187,12
1188,16
1189,16
1190,14
1191,15
1192,7
1193,18
1194,11
1195,14
1196,11
1197,12
1198,11
1199,14
1200,9
1201,15
1202,9
1203,16
1204,10
1205,7
1206,11
1207,18
1208,12
1209,9
1210,10
1211,8
1212,11
1213,10
1214,8
1215,6
1216,8
1217,7
1218,8
1219,6
1220,16
1221,9
1222,8
1223,14
1224,10
1225,17
1226,8
1227,9
1228,12
1229,19
1230,17
1231,13
1232,9
1233,11
1234,17
1235,11
1236,10
1237,10
1238,18
1239,11
1240,16
1241,13
1242,9
1243,10
1244,10
1245,14
1246,10
1247,12
1248,12
1249,9
1250,17
1251,10
1252,10
1253,9
1254,10
1255,6
1256,5
1257,8
1258,7
1259,8
1260,12
1261,10
1262,11
1263,7
1264,6
1265,10
1266,13
1267,13
1268,7
1269,8
1270,10
1271,8
1272,10
1273,15
1274,4
1275,8
1276,15
1277,10
1278,6
1279,16
1280,7
1281,15
1282,9
1283,12
1284,12
1285,12
1286,14
1287,12
1288,12
1289,20
1290,13
1291,17
1292,14
1293,11
1294,10
1295,10
1296,5
1297,9
1298,11
1299,18
1300,13
1301,9
1302,8
1303,15
1304,15
1305,17
1306,12
1307,12
1308,16
1309,8
1310,13
1311,7
1312,17
1313,10
1314,17
1315,15
1316,9
1317,6
1318,11
1319,13
1320,13
1321,12
1322,12
1323,10
1324,6
1325,7
1326,7
1327,9
1328,11
1329,10
1330,7
1331,6
1332,12
1333,14
1334,10
1335,11
1336,7
1337,15
1338,8
1339,8
1340,13
1341,19
1342,20
1343,19
1344,9
1345,10
1346,8
1347,13
1348,20
1349,13
1350,19
1351,11
1352,9
1353,13
1354,16
1355,12
1356,16
1357,13
1358,10
1359,9
1360,10
1361,16
1362,12
1363,12
1364,15
1365,9
1366,16
1367,17
1368,26
1369,27
1370,17
1371,20
1372,12
1373,22
1374,22
1375,13
1376,12
1377,21
1378,24
1379,28
1380,23
1381,22
1382,18
1383,26
1384,19
1385,31
1386,17
1387,19
1388,36
1389,26
1390,17
1391,30
1392,20
1393,28
1394,28
1395,32
1396,31
1397,18
1398,36
1399,29
1400,37
1401,38
1402,31
1403,37
1404,34
1405,35
1406,34
1407,49
1408,36
1409,39
1410,41
1411,41
1412,48
1413,32
1414,51
1415,42
1416,43
1417,64
1418,45
1419,55
1420,50
1421,62
1422,46
1423,56
1424,65
1425,53
1426,71
1427,79
1428,82
1429,45
1430,84
1431,65
1432,90
1433,82
1434,68
1435,121
1436,82
1437,87
1438,89
1439,97
1440,71
1441,108
1442,120
1443,119
1444,137
1445,83
1446,135
1447,112
1448,100
1449,126
1450,108
1451,118
1452,170
1453,120
1454,133
1455,109
1456,139
1457,138
1458,145
1459,163
1460,145
1461,153
1462,180
1463,139
1464,146
1465,179
1466,159
1467,186
1468,170
1469,179
1470,209
1471,195
1472,157
1473,217
1474,227
1475,192
1476,265
1477,199
1478,247
1479,187
1480,239
1481,290
1482,197
1483,230
1484,267
1485,251
1486,282
1487,267
1488,242
1489,283
1490,277
1491,328
1492,283
1493,261
1494,352
1495,234
1496,312
1497,342
1498,263
1499,394
1500,324
1501,323
1502,318
1503,360
1504,250
1505,336
1506,348
1507,334
1508,424
1509,305
1510,429
1511,345
1512,274
1513,474
1514,312
1515,352
1516,473
1517,352
1518,403
1519,372
1520,329
1521,365
1522,408
1523,461
1524,369
1525,350
1526,480
1527,389
1528,334
1529,443
1530,347
1531,479
1532,401
1533,401
1534,409
1535,458
1536,283
1537,409
1538,362
1539,392
1540,486
1541,329
1542,444
1543,363
1544,360
1545,501
1546,344
1547,407
1548,464
1549,432
1550,406
1551,357
1552,351
1553,408
1554,412
1555,486
1556,419
1557,345
1558,417
1559,307
1560,394
1561,445
1562,265
1563,430
1564,356
1565,401
1566,362
1567,385
1568,319
1569,374
1570,340
1571,359
1572,428
1573,295
1574,398
1575,334
1576,283
1577,416
1578,254
1579,290
1580,364
1581,363
1582,310
1583,282
1584,257
1585,312
1586,283
1587,306
1588,307
1589,190
1590,307
1591,272
1592,179
1593,324
1594,204
1595,258
1596,224
1597,246
1598,258
1599,200
1600,195
1601,205
1602,204
1603,201
1604,247
1605,178
1606,214
1607,146
1608,192
1609,215
1610,143
1611,150
1612,184
1613,163
1614,171
1615,193
1616,132
1617,147
1618,134
1619,159
1620,137
1621,105
1622,170
1623,110
1624,116
1625,158
1626,105
1627,105
1628,101
1629,99
1630,104
1631,107
1632,97
1633,105
1634,111
1635,72
1636,100
1637,77
1638,99
1639,63
1640,73
1641,84
1642,55
1643,51
1644,91
1645,67
1646,60
1647,59
1648,51
1649,68
1650,54
1651,63
1652,47
1653,50
1654,43
1655,38
1656,20
1657,56
1658,27
1659,55
1660,50
1661,34
1662,33
1663,41
1664,22
1665,20
1666,29
1667,27
1668,22
1669,26
1670,54
1671,15
1672,23
1673,26
1674,14
1675,31
1676,20
1677,21
1678,16
1679,11
1680,21
1681,19
1682,19
1683,31
1684,10
1685,9
1686,15
1687,7
1688,10
1689,14
1690,8
1691,8
1692,12
1693,5
1694,6
1695,9
1696,4
1697,12
1698,7
1699,13
1700,8
1701,12
1702,7
1703,3
1704,8
1705,8
1706,5
1707,7
1708,5
1709,7
1710,5
1711,2
1712,2
1713,3
1714,5
1715,3
1716,4
1717,5
1718,4
1719,4
1720,0
1721,3
1722,2
1723,2
1724,4
1725,3
1726,4
1727,3
1728,2
1729,4
1730,2
1731,0
1732,4
1733,3
1734,3
1735,2
1736,2
1737,1
1738,3
1739,4
1740,0
1741,4
1742,3
1743,2
1744,1
1745,2
1746,2
1747,1
1748,4
1749,2
1750,6
1751,1
1752,1
1753,3
1754,2
1755,2
1756,3
1757,4
1758,4
1759,1
1760,1
1761,5
1762,1
1763,4
1764,2
1765,1
1766,3
1767,0
1768,0
1769,1
1770,3
1771,1
1772,0
1773,2
1774,1
1775,1
1776,3
1777,2
1778,2
1779,4
1780,0
1781,3
1782,4
1783,1
1784,3
1785,3
1786,2
1787,3
1788,5
1789,1
1790,1
1791,3
1792,1
1793,1
1794,0
1795,0
1796,3
1797,1
1798,0
1799,0
1800,2
1801,3
1802,0
1803,2
1804,4
1805,3
1806,2
1807,1
1808,1
1809,2
1810,2
1811,3
1812,0
1813,1
1814,0
1815,0
1816,0
1817,1
1818,1
1819,1
1820,0
1821,1
1822,1
1823,3
1824,1
1825,1
1826,3
1827,0
1828,0
1829,0
1830,2
1831,1
1832,4
1833,0
1834,3
1835,1
1836,2
1837,1
1838,1
1839,1
1840,1
1841,0
1842,0
1843,1
1844,1
1845,1
1846,0
1847,2
1848,0
1849,0
1850,2
1851,2
1852,2
1853,0
1854,1
1855,1
1856,1
1857,6
1858,0
1859,1
1860,0
1861,0
1862,1
1863,1
1864,2
1865,0
1866,0
1867,0
1868,0
1869,1
1870,0
1871,0
1872,0
1873,1
1874,2
1875,1
1876,1
1877,3
1878,2
1879,0
1880,0
1881,1
1882,4
1883,3
1884,1
1885,1
1886,6
1887,0
1888,1
1889,0
1890,1
1891,0
1892,0
1893,0
1894,0
1895,0
1896,2
1897,1
1898,2
1899,1
1900,3
1901,1
1902,1
1903,3
1904,0
1905,2
1906,2
1907,2
1908,0
1909,1
1910,0
1911,2
1912,2
1913,0
1914,1
1915,1
1916,1
1917,1
1918,2
1919,1
1920,0
1921,0
1922,0
1923,1
1924,0
1925,2
1926,0
1927,0
1928,0
1929,2
1930,0
1931,2
1932,0
1933,2
1934,0
1935,1
1936,0
1937,0
1938,0
1939,1
1940,4
1941,2
1942,3
1943,0
1944,1
1945,0
1946,1
1947,0
1948,0
1949,2
1950,2
1951,1
1952,0
1953,1
1954,1
1955,0
1956,1
1957,3
1958,1
1959,0
1960,1
1961,0
1962,0
1963,2
1964,2
1965,2
1966,0
1967,0
1968,3
1969,1
1970,0
1971,1
1972,3
1973,1
1974,2
1975,0
1976,2
1977,6
1978,1
1979,0
1980,0
1981,2
1982,0
1983,0
1984,1
1985,1
1986,0
1987,1
1988,1
1989,1
1990,0
1991,1
1992,2
1993,1
1994,0
1995,1
1996,1
1997,1
1998,0
1999,1
2000,0
2001,2
2002,0
2003,3
2004,1
2005,1
2006,1
2007,1
2008,1
2009,2
2010,0
2011,3
2012,2
2013,0
2014,0
2015,0
2016,0
2017,1
2018,0
2019,0
2020,1
2021,1
2022,2
2023,1
2024,3
2025,2
2026,1
2027,0
2028,0
2029,0
2030,1
2031,0
2032,2
2033,1
2034,0
2035,0
2036,1
2037,1
2038,1
2039,1
2040,2
2041,3
2042,2
2043,1
2044,1
2045,1
2046,1
2047,1
2048,0
2049,1
2050,2
2051,0
2052,0
2053,1
2054,1
2055,2
2056,1
2057,4
2058,0
2059,1
2060,3
2061,2
2062,0
2063,0
2064,1
2065,1
2066,1
2067,0
2068,3
2069,2
2070,0
2071,2
2072,0
2073,2
2074,0
2075,0
2076,1
2077,3
2078,2
2079,1
2080,1
2081,2
2082,1
2083,0
2084,1
2085,1
2086,0
2087,3
2088,0
2089,1
2090,0
2091,2
2092,0
2093,1
2094,2
2095,0
2096,1
2097,0
2098,4
2099,1
2100,0
2101,1
2102,0
2103,1
2104,0
2105,0
2106,1
2107,0
2108,0
2109,0
2110,5
2111,2
2112,2
2113,1
2114,4
2115,2
2116,0
2117,1
2118,3
2119,1
2120,2
2121,2
2122,0
2123,1
2124,0
2125,1
2126,2
2127,0
2128,0
2129,2
2130,1
2131,0
2132,1
2133,4
2134,0
2135,0
2136,0
2137,0
2138,0
2139,1
2140,1
2141,1
2142,2
2143,1
2144,0
2145,1
2146,0
2147,0
2148,2
2149,0
2150,2
2151,0
2152,2
2153,1
2154,0
2155,3
2156,1
2157,1
2158,0
2159,1
2160,0
2161,1
2162,1
2163,0
2164,3
2165,0
2166,1
2167,1
2168,0
2169,1
2170,0
2171,1
2172,0
2173,0
2174,3
2175,0
2176,2
2177,1
2178,0
2179,1
2180,1
2181,0
2182,1
2183,0
2184,1
2185,0
2186,0
2187,1
2188,0
2189,1
2190,2
2191,4
2192,1
2193,1
2194,0
2195,0
2196,1
2197,0
2198,0
2199,0
2200,0
2201,2
2202,0
2203,1
2204,0
2205,1
2206,0
2207,1
2208,1
2209,0
2210,2
2211,0
2212,0
2213,0
2214,3
2215,0
2216,1
2217,1
2218,0
2219,0
2220,0
2221,0
2222,2
2223,0
2224,0
2225,1
2226,1
2227,1
2228,2
2229,3
2230,0
2231,1
2232,0
2233,0
2234,1
2235,0
2236,1
2237,0
2238,0
2239,1
2240,1
2241,0
2242,0
2243,0
2244,0
2245,0
2246,1
2247,0
2248,0
2249,1
2250,0
2251,2
2252,1
2253,0
2254,1
2255,0
2256,0
2257,0
2258,2
2259,0
2260,0
2261,1
2262,1
2263,1
2264,1
2265,0
2266,2
2267,0
2268,0
2269,0
2270,1
2271,1
2272,3
2273,2
2274,2
2275,0
2276,1
2277,0
2278,0
2279,0
2280,1
2281,0
2282,4
2283,1
2284,0
2285,1
2286,0
2287,0
2288,1
2289,0
2290,0
2291,2
2292,1
2293,2
2294,2
2295,2
2296,1
2297,0
2298,1
2299,0
2300,1
2301,1
2302,0
2303,0
2304,1
2305,0
2306,1
2307,1
2308,1
2309,1
2310,0
2311,0
2312,0
2313,0
2314,0
2315,0
2316,1
2317,0
2318,0
2319,1
2320,2
2321,0
2322,0
2323,0
2324,1
2325,0
2326,0
2327,0
2328,3
2329,4
2330,2
2331,0
2332,2
2333,1
2334,0
2335,0
2336,2
2337,2
2338,0
2339,1
2340,0
2341,0
2342,0
2343,0
2344,0
2345,0
2346,1
2347,0
2348,1
2349,1
2350,0
2351,0
2352,1
2353,0
2354,1
2355,3
2356,0
2357,0
2358,0
2359,0
2360,0
2361,1
2362,0
2363,1
2364,0
2365,0
2366,2
2367,0
2368,0
2369,0
2370,2
2371,1
2372,2
2373,0
2374,1
2375,0
2376,0
2377,0
2378,1
2379,1
2380,0
2381,0
2382,1
2383,1
2384,0
2385,0
2386,1
2387,3
2388,0
2389,0
2390,0
2391,1
2392,0
2393,2
2394,0
2395,0
2396,1
2397,0
2398,1
2399,0
2400,0
2401,1
2402,2
2403,1
2404,1
2405,0
2406,1
2407,0
2408,0
2409,0
2410,1
2411,0
2412,2
2413,0
2414,0
2415,1
2416,1
2417,1
2418,0
2419,1
2420,0
2421,0
2422,0
2423,0
2424,0
2425,0
2426,1
2427,0
2428,0
2429,0
2430,0
2431,0
2432,0
2433,0
2434,1
2435,0
2436,0
2437,0
2438,1
2439,0
2440,1
2441,0
2442,0
2443,0
2444,1
2445,1
2446,1
2447,0
2448,0
2449,2
2450,0
2451,2
2452,0
2453,1
2454,1
2455,0
2456,0
2457,0
2458,0
2459,1
2460,0
2461,1
2462,2
2463,0
2464,0
2465,0
2466,0
2467,1
2468,1
2469,1
2470,0
2471,0
2472,0
2473,1
2474,0
2475,0
2476,1
2477,0
2478,0
2479,0
2480,0
2481,0
2482,0
2483,1
2484,0
2485,0
2486,0
2487,0
2488,1
2489,1
2490,0
2491,0
2492,1
2493,1
2494,0
2495,1
2496,2
2497,0
2498,1
2499,0
2500,2
2501,0
2502,1
2503,1
2504,1
2505,0
2506,1
2507,1
2508,1
2509,0
2510,0
2511,0
2512,3
2513,1
2514,1
2515,0
2516,0
2517,0
2518,1
2519,0
2520,1
2521,0
2522,1
2523,1
2524,0
2525,0
2526,1
2527,0
2528,0
2529,1
2530,0
2531,1
2532,0
2533,0
2534,0
2535,0
2536,2
2537,0
2538,0
2539,0
2540,0
2541,0
2542,0
2543,0
2544,0
2545,1
2546,1
2547,0
2548,2
2549,0
2550,0
2551,1
2552,1
2553,1
2554,0
2555,1
2556,1
2557,2
2558,1
2559,0
2560,2
2561,1
2562,1
2563,1
2564,1
2565,0
2566,0
2567,0
2568,0
2569,1
2570,1
2571,0
2572,0
2573,0
2574,0
2575,0
2576,0
2577,0
2578,0
2579,0
2580,0
2581,0
2582,0
2583,0
2584,0
2585,1
2586,0
2587,0
2588,2
2589,0
2590,0
2591,0
2592,0
2593,2
2594,1
2595,0
2596,0
2597,0
2598,0
2599,1
2600,0
2601,1
2602,0
2603,0
2604,0
2605,0
2606,1
2607,0
2608,1
2609,1
2610,0
2611,0
2612,0
2613,2
2614,1
2615,0
2616,2
2617,1
2618,0
2619,2
2620,1
2621,1
2622,1
2623,0
2624,1
2625,0
2626,0
2627,0
2628,2
2629,1
2630,0
2631,1
2632,0
2633,0
2634,2
2635,0
2636,1
2637,1
2638,0
2639,1
2640,0
2641,1
2642,0
2643,0
2644,2
2645,1
2646,1
2647,0
2648,1
2649,0
2650,1
2651,0
2652,1
2653,0
2654,0
2655,0
2656,1
2657,1
2658,1
2659,0
2660,0
2661,1
2662,0
2663,0
2664,0
2665,0
2666,1
2667,0
2668,0
2669,0
2670,0
2671,0
2672,0
2673,0
2674,0
2675,0
2676,2
2677,0
2678,0
2679,1
2680,1
2681,0
2682,0
2683,0
2684,1
2685,1
2686,0
2687,0
2688,1
2689,0
2690,1
2691,1
2692,0
2693,0
2694,0
2695,0
2696,0
2697,2
2698,0
2699,0
2700,0
2701,0
2702,1
2703,0
2704,1
2705,0
2706,1
2707,0
2708,0
2709,0
2710,0
2711,0
2712,0
2713,1
2714,0
2715,2
2716,0
2717,0
2718,1
2719,1
2720,0
2721,1
2722,1
2723,0
2724,0
2725,0
2726,0
2727,0
2728,0
2729,0
2730,1
2731,0
2732,1
2733,1
2734,0
2735,0
2736,0
2737,1
2738,0
2739,0
2740,2
2741,0
2742,1
2743,0
2744,0
2745,1
2746,2
2747,0
2748,1
2749,0
2750,1
2751,0
2752,1
2753,2
2754,1
2755,0
2756,1
2757,1
2758,0
2759,0
2760,0
2761,0
2762,1
2763,1
2764,2
2765,0
2766,1
2767,0
2768,0
2769,0
2770,0
2771,1
2772,0
2773,0
2774,0
2775,0
2776,1
2777,0
2778,0
2779,1
2780,0
2781,1
2782,0
2783,1
2784,1
2785,1
2786,0
2787,0
2788,0
2789,0
2790,0
2791,0
2792,0
2793,1
2794,0
2795,0
2796,1
2797,0
2798,0
2799,2
2800,0
2801,1
2802,0
2803,0
2804,0
2805,0
2806,0
2807,0
2808,0
2809,0
2810,0
2811,0
2812,1
2813,0
2814,0
2815,0
2816,0
2817,1
2818,0
2819,0
2820,0
2821,0
2822,0
2823,0
2824,0
2825,1
2826,0
2827,0
2828,0
2829,1
2830,0
2831,0
2832,0
2833,0
2834,0
2835,0
2836,0
2837,1
2838,0
2839,0
2840,0
2841,0
2842,0
2843,0
2844,0
2845,1
2846,1
2847,1
2848,1
2849,1
2850,2
2851,0
2852,1
2853,1
2854,0
2855,0
2856,0
2857,0
2858,0
2859,0
2860,0
2861,0
2862,1
2863,0
2864,1
2865,1
2866,1
2867,1
2868,0
2869,0
2870,0
2871,1
2872,1
2873,0
2874,1
2875,0
2876,1
2877,0
2878,0
2879,0
2880,1
2881,0
2882,1
2883,0
2884,0
2885,0
2886,2
2887,0
2888,0
2889,1
2890,0
2891,0
2892,0
2893,0
2894,1
2895,1
2896,1
2897,0
2898,0
2899,0
2900,0
2901,0
2902,1
2903,0
2904,0
2905,1
2906,0
2907,0
2908,1
2909,0
2910,0
2911,1
2912,0
2913,0
2914,0
2915,1
2916,0
2917,0
2918,0
2919,0
2920,0
2921,0
2922,0
2923,0
2924,0
2925,1
2926,1
2927,0
2928,0
2929,0
2930,0
2931,1
2932,1
2933,1
2934,0
2935,0
2936,0
2937,1
2938,0
2939,0
2940,1
2941,0
2942,0
2943,0
2944,0
2945,0
2946,0
2947,0
2948,0
2949,0
2950,3
2951,0
2952,0
2953,1
2954,1
2955,0
2956,0
2957,0
2958,0
2959,0
2960,0
2961,0
2962,0
2963,0
2964,0
2965,0
2966,0
2967,0
2968,0
2969,0
2970,0
2971,0
2972,0
2973,0
2974,1
2975,0
2976,0
2977,0
2978,0
2979,0
2980,2
2981,1
2982,2
2983,0
2984,1
2985,0
2986,0
2987,1
2988,0
2989,0
2990,1
2991,1
2992,0
2993,0
2994,1
2995,0
2996,0
2997,0
2998,0
2999,0
3000,1
3001,0
3002,0
3003,2
3004,0
3005,1
3006,0
3007,0
3008,1
3009,0
3010,0
3011,0
3012,0
3013,0
3014,1
3015,0
3016,1
3017,0
3018,0
3019,0
3020,0
3021,0
3022,1
3023,1
3024,0
3025,0
3026,0
3027,1
3028,1
3029,0
3030,0
3031,0
3032,0
3033,0
3034,0
3035,0
3036,2
3037,0
3038,0
3039,0
3040,0
3041,0
3042,3
3043,1
3044,1
3045,0
3046,0
3047,1
3048,0
3049,1
3050,0
3051,0
3052,0
3053,0
3054,0
3055,0
3056,1
3057,0
3058,1
3059,1
3060,1
3061,0
3062,0
3063,1
3064,1
3065,0
3066,0
3067,0
3068,0
3069,1
3070,1
3071,1
3072,0
3073,0
3074,0
3075,0
3076,2
3077,0
3078,0
3079,1
3080,0
3081,0
3082,2
3083,1
3084,1
3085,0
3086,1
3087,0
3088,0
3089,0
3090,0
3091,1
3092,0
3093,0
3094,0
3095,1
3096,0
3097,0
3098,0
3099,0
3100,2
3101,0
3102,0
3103,0
3104,1
3105,0
3106,0
3107,1
3108,0
3109,0
3110,1
3111,0
3112,0
3113,3
3114,1
3115,0
3116,0
3117,1
3118,0
3119,0
3120,0
3121,0
3122,2
3123,0
3124,0
3125,0
3126,0
3127,1
3128,0
3129,1
3130,1
3131,2
3132,0
3133,1
3134,0
3135,0
3136,1
3137,0
3138,1
3139,0
3140,0
3141,0
3142,0
3143,0
3144,1
3145,0
3146,0
3147,0
3148,0
3149,0
3150,0
3151,0
3152,0
3153,0
3154,0
3155,0
3156,0
3157,0
3158,0
3159,1
3160,0
3161,3
3162,1
3163,0
3164,0
3165,0
3166,0
3167,0
3168,0
3169,0
3170,1
3171,0
3172,0
3173,0
3174,1
3175,1
3176,0
3177,0
3178,0
3179,2
3180,1
3181,0
3182,0
3183,0
3184,0
3185,2
3186,0
3187,0
3188,0
3189,0
3190,2
3191,1
3192,0
3193,0
3194,1
3195,1
3196,0
3197,0
3198,1
3199,0
3200,0
3201,0
3202,0
3203,0
3204,0
3205,0
3206,0
3207,0
3208,0
3209,1
3210,0
3211,0
3212,1
3213,1
3214,0
3215,0
3216,0
3217,2
3218,1
3219,1
3220,1
3221,0
3222,0
3223,1
3224,0
3225,1
3226,0
3227,0
3228,1
3229,0
3230,0
3231,0
3232,0
3233,0
3234,0
3235,0
3236,1
3237,0
3238,0
3239,0
3240,1
3241,1
3242,1
3243,0
3244,0
3245,0
3246,1
3247,0
3248,1
3249,0
3250,0
3251,0
3252,0
3253,0
3254,1
3255,0
3256,0
3257,0
3258,1
3259,1
3260,0
3261,1
3262,0
3263,1
3264,0
3265,0
3266,0
3267,0
3268,0
3269,0
3270,1
3271,1
3272,0
3273,1
3274,0
3275,0
3276,1
3277,1
3278,1
3279,1
3280,1
3281,1
3282,1
3283,0
3284,1
3285,0
3286,1
3287,1
3288,1
3289,2
3290,1
3291,0
3292,2
3293,0
3294,0
3295,0
3296,1
3297,0
3298,0
3299,1
3300,0
3301,0
3302,0
3303,0
3304,1
3305,0
3306,0
3307,0
3308,1
3309,0
3310,0
3311,0
3312,2
3313,0
3314,1
3315,0
3316,0
3317,2
3318,1
3319,1
3320,0
3321,0
3322,1
3323,0
3324,0
3325,0
3326,0
3327,0
3328,0
3329,0
3330,1
3331,0
3332,0
3333,0
3334,1
3335,0
3336,0
3337,0
3338,0
3339,1
3340,2
3341,0
3342,0
3343,0
3344,0
3345,0
3346,0
3347,0
3348,0
3349,0
3350,1
3351,0
3352,0
3353,0
3354,0
3355,0
3356,2
3357,1
3358,1
3359,0
3360,0
3361,0
3362,0
3363,0
3364,0
3365,0
3366,1
3367,0
3368,0
3369,0
3370,0
3371,0
3372,0
3373,2
3374,1
3375,0
3376,1
3377,0
3378,0
3379,1
3380,0
3381,0
3382,0
3383,0
3384,1
3385,0
3386,0
3387,0
3388,1
3389,0
3390,1
3391,0
3392,1
3393,0
3394,0
3395,0
3396,0
3397,0
3398,0
3399,0
3400,1
3401,0
3402,0
3403,1
3404,0
3405,0
3406,0
3407,1
3408,1
3409,0
3410,0
3411,0
3412,1
3413,0
3414,0
3415,0
3416,0
3417,1
3418,0
3419,0
3420,0
3421,0
3422,0
3423,0
3424,1
3425,0
3426,0
3427,0
3428,0
3429,0
3430,0
3431,0
3432,2
3433,0
3434,0
3435,0
3436,0
3437,0
3438,1
3439,0
3440,0
3441,0
3442,0
3443,1
3444,0
3445,0
3446,0
3447,0
3448,0
3449,0
3450,0
3451,0
3452,1
3453,0
3454,0
3455,1
3456,0
3457,1
3458,0
3459,0
3460,0
3461,0
3462,3
3463,0
3464,0
3465,0
3466,0
3467,0
3468,0
3469,0
3470,0
3471,0
3472,0
3473,0
3474,0
3475,0
3476,0
3477,2
3478,0
3479,0
3480,2
3481,0
3482,0
3483,0
3484,0
3485,0
3486,0
3487,0
3488,0
3489,0
3490,0
3491,1
3492,0
3493,0
3494,1
3495,0
3496,0
3497,0
3498,0
3499,1
3500,0
3501,1
3502,1
3503,0
3504,1
3505,1
3506,1
3507,0
3508,0
3509,0
3510,1
3511,2
3512,0
3513,0
3514,0
3515,1
3516,0
3517,0
3518,1
3519,1
3520,1
3521,1
3522,0
3523,0
3524,1
3525,1
3526,2
3527,0
3528,0
3529,0
3530,0
3531,0
3532,0
3533,0
3534,0
3535,0
3536,0
3537,0
3538,0
3539,1
3540,0
3541,0
3542,0
3543,0
3544,0
3545,0
3546,0
3547,0
3548,0
3549,2
3550,0
3551,0
3552,1
3553,0
3554,0
3555,0
3556,0
3557,0
3558,0
3559,0
3560,0
3561,0
3562,0
3563,0
3564,0
3565,0
3566,0
3567,0
3568,0
3569,1
3570,1
3571,0
3572,0
3573,1
3574,0
3575,0
3576,0
3577,1
3578,1
3579,0
3580,2
3581,0
3582,1
3583,0
3584,1
3585,1
3586,0
3587,1
3588,0
3589,0
3590,0
3591,0
3592,0
3593,0
3594,0
3595,0
3596,0
3597,0
3598,0
3599,0
3600,1
3601,0
3602,1
3603,1
3604,0
3605,1
3606,0
3607,0
3608,0
3609,0
3610,0
3611,0
3612,0
3613,0
3614,1
3615,0
3616,1
3617,0
3618,0
3619,0
3620,0
3621,0
3622,0
3623,1
3624,0
3625,0
3626,0
3627,0
3628,1
3629,0
3630,0
3631,0
3632,0
3633,0
3634,0
3635,0
3636,0
3637,0
3638,0
3639,0
3640,0
3641,0
3642,0
3643,0
3644,1
3645,0
3646,0
3647,0
3648,0
3649,0
3650,0
3651,0
3652,1
3653,0
3654,0
3655,0
3656,0
3657,1
3658,0
3659,0
3660,0
3661,0
3662,2
3663,0
3664,0
3665,0
3666,0
3667,0
3668,0
3669,0
3670,0
3671,0
3672,0
3673,0
3674,1
3675,0
3676,0
3677,0
3678,1
3679,0
3680,0
3681,0
3682,1
3683,0
3684,0
3685,0
3686,0
3687,0
3688,0
3689,0
3690,0
3691,0
3692,0
3693,0
3694,0
3695,0
3696,0
3697,0
3698,0
3699,0
3700,0
3701,0
3702,1
3703,0
3704,1
3705,0
3706,0
3707,0
3708,0
3709,0
3710,0
3711,0
3712,0
3713,0
3714,0
3715,0
3716,0
3717,0
3718,0
3719,0
3720,0
3721,0
3722,0
3723,0
3724,0
3725,0
3726,0
3727,0
3728,0
3729,0
3730,0
3731,0
3732,0
3733,0
3734,0
3735,0
3736,0
3737,0
3738,0
3739,0
3740,0
3741,0
3742,0
3743,0
3744,0
3745,0
3746,0
3747,0
3748,0
3749,0
3750,0
3751,0
3752,0
3753,0
3754,0
3755,0
3756,1
3757,0
3758,0
3759,0
3760,0
3761,0
3762,0
3763,0
3764,0
3765,0
3766,0
3767,0
3768,0
3769,1
3770,0
3771,0
3772,0
3773,0
3774,0
3775,0
3776,0
3777,0
3778,0
3779,0
3780,0
3781,0
3782,0
3783,0
3784,0
3785,0
3786,0
3787,0
3788,0
3789,0
3790,0
3791,0
3792,0
3793,0
3794,0
3795,0
3796,0
3797,0
3798,0
3799,0
3800,1
3801,0
3802,0
3803,0
3804,0
3805,0
3806,0
3807,1
3808,0
3809,2
3810,0
3811,0
3812,0
3813,0
3814,0
3815,0
3816,0
3817,0
3818,0
3819,0
3820,0
3821,0
3822,0
3823,0
3824,0
3825,0
3826,0
3827,0
3828,0
3829,0
3830,0
3831,0
3832,0
3833,0
3834,0
3835,0
3836,0
3837,0
3838,0
3839,0
3840,0
3841,0
3842,0
3843,1
3844,0
3845,0
3846,0
3847,0
3848,0
3849,0
3850,0
3851,0
3852,2
3853,1
3854,0
3855,0
3856,0
3857,0
3858,0
3859,0
3860,0
3861,0
3862,0
3863,0
3864,0
3865,0
3866,0
3867,0
3868,0
3869,0
3870,0
3871,0
3872,0
3873,0
3874,0
3875,0
3876,0
3877,0
3878,0
3879,0
3880,0
3881,0
3882,0
3883,0
3884,0
3885,0
3886,0
3887,0
3888,0
3889,0
3890,0
3891,0
3892,0
3893,0
3894,0
3895,0
3896,0
3897,0
3898,0
3899,1
3900,0
3901,0
3902,0
3903,0
3904,0
3905,0
3906,0
3907,0
3908,0
3909,0
3910,0
3911,0
3912,0
3913,1
3914,0
3915,0
3916,0
3917,0
3918,0
3919,0
3920,0
3921,0
3922,0
3923,0
3924,0
3925,0
3926,0
3927,0
3928,0
3929,1
3930,0
3931,0
3932,0
3933,0
3934,0
3935,0
3936,0
3937,0
3938,0
3939,0
3940,0
3941,0
3942,0
3943,0
3944,0
3945,0
3946,0
3947,0
3948,0
3949,1
3950,0
3951,0
3952,0
3953,0
3954,0
3955,1
3956,0
3957,0
3958,0
3959,0
3960,0
3961,0
3962,0
3963,0
3964,0
3965,0
3966,0
3967,0
3968,0
3969,0
3970,0
3971,0
3972,0
3973,0
3974,1
3975,0
3976,0
3977,0
3978,0
3979,1
3980,1
3981,0
3982,0
3983,0
3984,0
3985,0
3986,0
3987,1
3988,1
3989,0
3990,0
3991,0
3992,0
3993,1
3994,0
3995,0
3996,0
3997,0
3998,0
3999,1
4000,0
